datasetNo,indexOfdf,Id,ColumnName,Original,Modified,ErrorType,Fixing
dataset1,5211,1060,Category,Pnats,Pants,Typo,Changed 'Pnats' to 'Pants' because it was a misspelling.
dataset1,2613,1033,Category,Jaens,Jeans,Typo,Changed 'Jaens' to 'Jeans' because it was a misspelling.
dataset1,6151,909,Category,Fineg auge,Fine Gauge,Typo,Changed 'Fineg auge' to 'Fine Gauge' because it was a misspelling.
dataset1,5740,1110,Category,Dressse,Dresses,Typo,Changed 'Dressse' to 'Dresses' because it was a misspelling.
dataset1,364,940,Category,Swetaers,Sweaters,Typo,Changed 'Swetaers' to 'Sweaters' because it was a misspelling.
dataset1,1565,1083,Category,Dersses,Dresses,Typo,Changed 'Dersses' to 'Dresses' because it was a misspelling.
dataset1,348,829,Category,lBouses,Blouses,Typo,Changed 'Lbouses' to 'Blouses' because it was a misspelling.
dataset1,All,All,Department,Intimate,Intimates,Typo,Changed 'Intimate' to 'Intimates' because it was a misspelling.
dataset1,ALL of Online Time,ALL of Online Time,Online Time,725.315671,22.067650,Outlier,Capped 'Online Time' to 22.067650 to handle outliers.
dataset1,678,909,Cost,-1.000000,76.478235,Violation of Integrity Constraint,Changed negative 'Cost' to median value 76.478235 to fix integrity constraint.
